Month,Day,WeekDay,Holiday,HolidayWeightage,NearHoliday,AttendancePercentage
1,12,3,0,0,0,88.41294299
11,29,4,0,0,0,83.27907665
5,18,6,0,0,0,82.80764105
7,1,5,0,0,0,79.00874636
3,9,6,0,0,0,84.42301898
5,8,6,0,0,0,87.40614334
3,20,6,0,0,0,87.93511321
12,19,4,0,0,0,82.78116827
10,15,3,0,0,1,86.48431215
3,24,5,0,0,0,83.71837184
10,11,4,0,0,1,88.45923261
1,22,3,0,0,1,82.28894691
12,10,4,0,0,0,85.91829957
8,19,5,0,0,0,83.79694019
6,20,5,0,0,0,83.3404528
7,13,2,0,0,0,88.31475853
5,28,6,0,0,0,82.45877061
12,30,6,0,0,1,63.75637564
3,23,5,0,0,0,88.19951338
4,3,5,0,0,0,90.46165586
12,19,2,0,0,0,79.52865065
5,16,4,0,0,0,83.72610049
10,26,5,0,0,0,85.28708134
9,10,2,0,0,0,82.65795207
11,15,3,0,0,0,80.29300567
12,8,2,0,0,0,83.0069698
2,2,5,0,0,0,86.53086044
2,6,2,0,0,0,84.55210238
10,25,3,0,0,0,89.04890489
8,31,2,1,6,1,79.35290193
1,3,3,0,0,1,85.03464203
10,11,2,0,0,0,71.27388535
7,26,6,0,0,0,81.88254894
2,28,6,0,0,0,87.48556026
5,27,6,0,0,0,85.69263413
2,17,4,0,0,1,85.43778802
12,30,4,0,0,1,72.9563614
9,21,4,0,0,0,86.00652238
4,12,5,0,0,0,81.44654088
11,26,5,1,18,1,59.06396256
2,17,6,0,0,1,82.37804878
6,7,6,0,0,0,82.5389948
8,6,6,0,0,0,85.36067893
4,12,3,0,0,0,65.42610572
11,4,3,1,9,1,78.08077321
11,18,2,0,0,0,83.33333333
1,14,5,0,0,1,85.93846154
2,26,4,0,0,0,88.47040738
11,14,3,0,0,0,86.43617021
1,13,3,0,0,1,87.35402069
8,5,6,0,0,0,85.65656566
3,9,4,0,0,0,84.38914027
4,27,4,0,0,0,84.72222222
9,19,2,0,0,0,84.41943128
11,29,2,0,0,0,77.22222222
4,23,5,0,0,0,85.03910235
9,30,2,0,0,1,81.08218063
6,21,5,0,0,0,83.06878307
8,18,3,0,0,0,88.9742733
1,24,5,0,0,1,82.89072704
8,16,3,0,0,1,85.75712144
10,15,6,0,0,0,75.2071383
8,31,4,0,0,1,85.1687389
5,3,3,0,0,0,85.5626327
2,17,3,0,0,1,85.02512563
7,21,4,0,0,0,84.79657388
1,12,4,0,0,0,85.37170264
3,26,3,0,0,1,80.06055363
11,30,2,0,0,0,84.63940056
5,14,5,0,0,0,89.30280246
9,17,3,0,0,0,82.28571429
2,2,5,0,0,0,85.27663466
9,7,6,0,0,0,84.56843941
10,23,2,0,0,0,81.2818209
10,8,4,0,0,1,87.91755508
6,13,4,0,0,1,82.23011995
5,11,6,0,0,0,84.4526219
5,10,3,0,0,0,83.73078961
2,20,2,1,13,1,58.73521383
4,16,2,0,0,1,83.87291982
7,4,3,1,13,1,70.44122185
12,29,4,0,0,1,69.06344411
1,13,2,0,0,1,86.05182927
8,1,6,0,0,0,86.90166976
7,11,5,0,0,0,81.026504
4,6,5,0,0,1,88.47560976
7,28,3,0,0,1,89.72718087
9,28,5,0,0,1,79.74305348
3,1,6,0,0,0,82.2405558
1,23,6,0,0,0,85.45150502
8,11,3,0,0,1,88.33221251
8,13,2,0,0,1,78.20512821
8,4,5,0,0,0,85.07312153
1,10,3,0,0,0,89.23215357
6,24,6,0,0,0,84.62929476
5,21,5,0,0,1,88.22724162
6,27,5,0,0,0,84.16385135
1,26,5,1,39,1,42.8375286
12,19,5,0,0,0,85.52175587
4,15,6,0,0,0,84.67350243
11,1,3,0,0,0,69.88989947
6,6,4,0,0,1,84.90650045
1,24,4,0,0,1,88.49452825
2,7,4,0,0,0,86.32300358
12,16,6,0,0,0,82.40824992
7,7,2,0,0,0,86.1423221
5,30,2,1,20,1,55.62291604
12,7,2,0,0,0,81.45839825
9,24,3,0,0,0,81.04149715
10,22,6,0,0,0,79.98725303
8,24,4,0,0,1,87.4295879
1,3,3,0,0,1,85.09874327
3,23,4,0,0,1,81.76560122
10,22,4,1,1,1,80.32269379
3,8,6,0,0,0,83.64425163
11,12,5,1,2,1,65.67823344
8,20,2,0,0,0,79.65217391
6,17,6,0,0,0,85.13022411
11,14,4,0,0,1,63.4464752
4,23,2,0,0,1,82.48108926
4,16,4,0,0,1,87.38496933
10,5,5,0,0,0,85.9922179
9,27,2,0,0,0,84.83110261
4,30,4,0,0,1,86.70520231
2,18,3,0,0,1,85.82434515
5,4,5,0,0,0,86.6830316
7,28,5,0,0,0,85.09127789
4,15,4,0,0,1,86.9757927
5,15,5,0,0,1,88.70905588
5,8,3,0,0,1,86.35531136
11,3,6,0,0,1,84.94687131
9,18,3,0,0,0,83.01310044
8,19,2,0,0,1,80.02491694
9,21,6,0,0,0,80.9190372
12,6,3,0,0,1,84.60133901
4,22,6,0,0,1,23.76609442
3,19,2,0,0,0,84.82384824
1,26,4,0,0,0,55.46967895
8,30,2,0,0,0,77.9264214
10,15,5,0,0,0,88.45052498
9,29,5,0,0,0,87.94788274
9,6,6,0,0,0,82.77138158
6,12,4,0,0,1,83.44113842
3,1,5,0,0,1,78.5649955
1,4,2,0,0,0,86.96456086
1,11,4,0,0,0,85.87257618
8,15,2,0,0,0,63.72161895
8,30,4,0,0,1,88.44743276
11,19,6,0,0,0,78.21969697
1,14,2,0,0,0,80.3672934
6,23,4,0,0,0,85.2066715
2,6,6,0,0,0,85.77167727
3,30,4,0,0,1,89.34875228
8,4,2,1,2,1,86.79245283
11,7,4,0,0,1,83.07959983
7,26,3,0,0,0,87.13942308
6,23,6,0,0,0,82.2605482
12,30,2,0,0,1,75.56062334
6,8,4,0,0,0,85.34031414
6,1,2,1,2,1,82.7562797
12,7,3,0,0,0,79.58929683
1,22,6,0,0,0,86.44902987
8,2,5,1,2,1,63.74889478
1,25,4,0,0,1,86.79817906
8,26,4,0,0,0,89.04109589
5,8,3,0,0,1,84.4345898
1,2,5,0,0,1,87.00457317
7,4,6,1,13,1,63.10461192
3,19,2,0,0,1,85.33936652
2,1,6,0,0,0,79.66841187
6,19,6,0,0,0,85.89918256
4,23,3,0,0,1,76.39372822
1,10,4,0,0,0,87.80271707
5,19,5,0,0,0,88.20326679
4,4,2,0,0,0,86.36363636
12,18,5,0,0,0,86.49900728
9,23,3,0,0,0,87.780188
7,11,3,0,0,0,88.15587604
6,8,6,0,0,0,82.71832718
5,4,3,0,0,0,60.84021005
9,30,5,0,0,0,81.4861461
5,16,2,0,0,1,86.38838475
10,4,3,0,0,1,79.58783121
3,1,5,0,0,0,86.40072529
11,18,6,0,0,0,84.86961795
3,19,4,0,0,1,85.07462687
11,1,2,0,0,0,79.51807229
10,14,3,0,0,1,89.64906062
3,22,5,0,0,0,86.7933062
11,17,2,0,0,0,89.00913088
2,14,5,0,0,0,78.63359443
12,9,2,0,0,0,83.79216751
1,27,6,0,0,1,75.74468085
12,17,5,0,0,0,85.43930456
3,2,5,0,0,0,85.85766423
10,10,2,0,0,1,71.08863772
8,26,6,0,0,0,85.37782139
4,25,4,1,9,1,64.375
5,18,4,0,0,0,83.47457627
9,8,3,0,0,1,87.72863319
1,16,2,1,9,1,59.75331201
3,30,6,1,20,1,61.80387409
12,13,3,0,0,0,80.73012939
12,24,5,1,4,1,77.70582794
11,5,3,1,13,1,58.63689777
9,6,3,0,0,1,84.39905269
2,16,4,0,0,0,83.7666089
2,12,3,0,0,0,83.06486722
12,20,4,0,0,0,84.13489736
7,5,6,0,0,1,78.98062342
9,9,2,1,4,1,80.58968059
4,14,5,0,0,0,84.27571352
2,13,5,0,0,0,85.57655226
5,29,6,0,0,0,87.48285322
1,27,4,0,0,1,86.17610837
3,22,3,0,0,0,82.65927978
5,6,6,0,0,0,86.91701999
7,22,5,0,0,0,84.66476462
6,18,6,0,0,0,83.81924198
1,9,4,0,0,0,84.01226456
2,27,6,0,0,1,86.0020141
10,24,3,0,0,0,85.23510033
1,9,2,0,0,0,85.93822038
11,8,2,0,0,0,77.7495232
5,31,5,0,0,0,83.78498445
2,23,5,0,0,0,87.8501827
9,20,4,0,0,1,87.44719372
11,15,3,0,0,1,85.2905569
4,2,5,1,32,1,60.3548277
8,3,2,1,1,1,86.57469717
4,24,5,1,1,1,84.85198001
10,1,2,0,0,1,75.33828023
11,16,5,0,0,0,86.18751849
12,23,3,0,0,1,84.84447386
3,21,6,0,0,0,87.44737849
12,22,3,0,0,1,85.79844961
1,20,6,0,0,0,85.83560813
11,19,4,0,0,0,87.79168076
1,23,5,0,0,0,88.31417625
7,29,5,0,0,0,84.82905983
6,28,6,0,0,0,82.62890955
12,6,3,0,0,0,79.17630727
5,30,5,0,0,0,83.11800172
2,19,3,0,0,1,84.66550825
10,12,4,0,0,1,83.52695859
4,6,6,0,0,0,86.17664852
6,12,2,1,9,1,78.23275862
4,27,6,0,0,1,81.34461264
9,6,3,0,0,1,84.74658869
2,24,2,0,0,0,86.16980407
9,29,5,0,0,0,84.27241548
6,4,4,0,0,1,89.41311853
7,30,3,0,0,0,82.94509151
1,11,6,0,0,0,83.72807018
11,7,5,0,0,1,83.6136097
4,4,2,0,0,0,86.07825296
4,27,4,0,0,1,85.68408336
12,3,6,0,0,0,77.78469197
2,18,6,0,0,0,81.78674352
11,10,4,0,0,0,78.37150127
6,21,3,0,0,0,84.7826087
1,18,2,1,15,1,62.78426552
8,5,6,0,0,0,86.82310469
10,21,6,0,0,0,86.48081535
2,26,2,0,0,0,84.65909091
7,13,4,0,0,0,84.22949835
6,6,4,0,0,1,87.69561215
9,12,6,0,0,0,88.55994152
3,7,4,0,0,0,85.7400722
6,2,2,1,2,1,85.62667689
7,2,5,0,0,1,90.23728814
11,14,5,0,0,0,84.64230171
8,10,5,0,0,1,88.02924155
3,24,3,0,0,0,89.62837838
5,17,2,0,0,0,81.85907046
8,25,4,0,0,0,80.73770492
4,30,3,0,0,1,79.25925926
10,12,6,0,0,0,83.44283837
10,3,4,0,0,1,82.65618174
8,8,5,0,0,1,81.51225592
9,10,4,0,0,0,89.24259056
6,25,2,1,1,1,79.79708866
3,5,2,0,0,0,82.66225962
10,8,5,0,0,0,87.6515635
6,30,3,0,0,1,90.80420767
8,23,2,0,0,0,74.40273038
6,28,3,0,0,0,84.77026329
5,28,4,0,0,1,87.25943033
2,17,2,1,16,1,56.98883327
9,5,6,0,0,0,88.9214967
1,18,6,0,0,0,79.64098074
8,6,3,0,0,0,82.24532225
1,25,2,0,0,1,79.44615385
12,10,6,0,0,0,76.26168224
5,4,4,0,0,1,89.20145191
8,12,6,0,0,0,86.43050135
5,24,2,0,0,0,76.72155689
12,15,5,0,0,0,79.69543147
8,17,5,0,0,1,88.05970149
12,18,2,0,0,0,81.80486376
4,16,2,0,0,0,79.40125112
2,21,3,0,0,1,86.51035323
7,25,4,0,0,0,84.96240602
6,1,5,0,0,0,86.14958449
11,2,6,0,0,0,74.60801394
9,3,4,0,0,1,88.4079237
7,9,5,0,0,0,89.25312606
3,31,3,0,0,1,91.40811456
12,12,6,0,0,0,83.9309429
7,2,2,1,1,1,80.84730803
5,26,2,1,18,1,56.41618497
5,9,3,0,0,1,87.42312423
10,10,4,0,0,1,84.48426573
9,1,4,0,0,0,84.83221477
5,14,3,0,0,0,81
10,17,4,0,0,0,84.70588235
11,24,4,0,0,1,79.59183673
10,21,5,0,0,0,81.23409669
2,7,3,0,0,0,86.53260207
1,5,6,0,0,0,84.08151211
11,20,3,0,0,1,76.89295039
6,13,6,0,0,0,86.68437026
7,17,5,0,0,0,90.18952062
2,11,4,0,0,0,85.79088472
8,1,3,0,0,0,88.45801527
6,17,2,0,0,0,79.3916024
1,8,5,0,0,0,90.01996008
5,11,2,0,0,0,86.82144076
7,20,6,0,0,0,81.71757415
9,4,2,1,17,1,62.66015863
1,4,4,0,0,1,87.63102725
12,5,6,0,0,0,81.05228105
11,2,2,0,0,1,87.95332703
5,25,5,0,0,0,87.11562116
10,28,6,0,0,0,81.16902682
4,10,4,0,0,1,83.29708569
12,1,5,0,0,0,82.62853666
10,17,2,0,0,0,82.956778
4,7,3,0,0,1,88.28337875
9,17,6,0,0,0,82.52299606
4,9,2,1,20,1,58.67026056
6,28,4,0,0,1,84.2364532
9,13,3,0,0,0,86.17647059
9,13,5,0,0,0,84.39407149
1,28,3,0,0,1,88.88463013
8,10,4,0,0,0,86.63048841
9,27,6,0,0,0,82.59274358
8,25,2,1,6,1,84.73703567
2,1,4,0,0,1,84.9565615
4,21,6,0,0,0,84.12990196
7,7,5,0,0,0,83.85947047
3,3,2,0,0,0,85.97771802
10,28,4,0,0,1,87.32305757
3,6,3,0,0,1,85.05903724
10,31,5,0,0,1,86.9921875
4,20,4,0,0,0,83.91777509
9,24,5,0,0,1,87.21236029
4,17,3,0,0,1,85.37250151
5,24,3,0,0,1,86.75136116
8,9,2,0,0,0,85.37271449
5,21,2,0,0,1,84.32034366
4,5,6,0,0,0,81.95292066
2,8,5,0,0,0,85.15205725
8,21,6,0,0,0,87.09893048
7,22,3,0,0,0,90.51339286
2,12,6,0,0,1,82.4382716
12,25,4,1,66,1,0.461716045
7,18,2,0,0,0,84.62232922
3,14,4,0,0,1,88.11104406
1,31,2,0,0,0,83.99525785
3,17,5,0,0,0,90.32552479
6,2,4,0,0,1,84.41461596
12,24,2,1,62,1,14.67248908
1,27,6,0,0,1,74.88542621
6,3,6,0,0,0,85.53392951
7,6,3,0,0,1,84.03483309
12,29,5,0,0,1,64.24942263
12,28,3,1,5,1,51.26964933
8,25,3,0,0,0,88.00534581
10,5,6,0,0,0,83.2968955
11,8,3,0,0,0,78.89471177
7,22,6,0,0,0,85.12496236
3,2,6,0,0,0,85.31150523
1,31,5,0,0,0,80.93994778
9,4,3,0,0,1,83.26086957
9,13,4,0,0,0,85.90481964
10,20,6,1,4,1,51.97723188
4,17,2,1,22,1,60.27480916
4,29,4,0,0,1,87.16814159
2,24,4,0,0,0,87.39237392
8,2,6,0,0,0,81.89403421
4,5,3,0,0,0,87.92636708
12,23,6,0,0,0,78.46527146
5,20,6,0,0,0,85.51515152
2,20,6,1,1,1,84.35716683
9,24,4,0,0,0,88.31403763
1,20,3,0,0,1,89.44203141
12,18,6,0,0,0,83.9141257
8,20,3,1,11,1,60.79734219
7,18,6,0,0,0,89.20327625
3,25,3,0,0,0,89.9503248
12,28,4,0,0,1,67.42248959
5,3,2,0,0,0,56.77902622
6,28,5,0,0,0,82.01851036
1,27,5,0,0,0,83.21470937
11,2,3,0,0,0,70.820089
9,1,5,0,0,1,81.92476795
6,18,5,0,0,0,88.29135466
7,21,2,0,0,0,89.28969877
1,9,3,0,0,0,87.57012105
2,8,4,0,0,0,86.38025594
6,2,5,0,0,0,88.65979381
7,28,4,0,0,0,85.49075391
8,31,5,0,0,1,87.33597803
12,5,2,0,0,1,81.38119866
2,18,2,1,12,1,57.63888889
4,5,5,0,0,0,87.98062368
5,25,4,0,0,1,86.21964097
8,9,3,1,1,1,88.29180426
11,13,5,0,0,0,88.45760981
10,21,6,0,0,0,83.39066339
12,16,2,0,0,0,85.05613628
7,16,2,0,0,0,84.19426049
1,5,3,0,0,0,87.75069423
6,13,5,0,0,0,83.22580645
6,6,3,0,0,1,86.50476483
5,14,4,0,0,1,88.75579598
11,2,5,0,0,1,87.39693757
1,16,5,0,0,1,90.03055768
9,17,2,0,0,0,82.00873362
9,16,5,0,0,0,83.21311475
7,6,2,0,0,0,85.79641529
12,1,2,0,0,0,83.57262104
5,9,4,0,0,1,84.95339547
3,7,6,0,0,0,87.16475096
3,30,5,0,0,1,88.8449848
5,22,3,0,0,1,87.08192697
10,9,4,0,0,0,87.21590909
5,21,6,0,0,0,83.84673178
2,13,2,0,0,0,84.30656934
11,20,2,0,0,0,81.88277087
4,18,2,0,0,0,85.24678112
12,12,4,0,0,0,81.37810728
4,9,3,0,0,1,82.73913043
5,25,6,0,0,0,84.77188656
10,29,5,0,0,1,86.95241097
3,18,6,0,0,0,82.66443701
9,13,2,0,0,0,80.69599475
5,2,2,1,9,1,77.44179014
9,28,4,0,0,0,87.58131283
2,22,4,0,0,1,84.65391621
4,7,5,0,0,1,89.75136446
2,10,2,0,0,0,81.64996145
4,30,2,1,35,1,54.67032967
9,15,2,0,0,0,88.17086528
1,19,5,0,0,0,84.52054795
10,7,6,0,0,0,85.4507587
8,23,3,0,0,0,83.20235756
5,11,4,0,0,0,89.45774008
4,18,5,0,0,1,79.03225806
9,26,2,0,0,0,84.92141454
2,21,2,0,0,1,47.1026965
8,12,3,0,0,0,86.64940828
10,18,6,0,0,0,84.78522682
1,7,3,0,0,0,90.51067073
6,27,2,0,0,0,85.27644231
7,31,6,0,0,1,87.15782359
7,20,4,0,0,0,84.16243655
3,4,6,0,0,0,84.50920245
9,25,2,0,0,0,82.61911897
2,21,4,0,0,1,83.87193297
7,19,2,0,0,0,85.04273504
3,15,6,0,0,0,84.28324698
8,10,6,1,34,1,45.50686144
12,15,4,0,0,0,79.6388543
9,3,5,0,0,1,89.41411451
5,13,6,0,0,0,83.35100742
10,7,4,0,0,1,88.68286445
3,4,4,0,0,1,84.98821945
1,18,3,0,0,1,83.51190476
6,16,5,0,0,0,85.90673575
12,4,4,0,0,0,84.76744186
3,27,3,0,0,0,87.82477341
7,8,2,0,0,0,83.17914214
1,18,5,0,0,0,88.70490834
11,23,2,0,0,0,82.94283037
6,4,3,0,0,1,82.87316652
5,12,4,0,0,0,84.75471698
7,30,4,0,0,1,87.28216537
5,1,4,1,1,1,79.32839075
1,17,3,0,0,1,86.33071817
12,26,6,1,68,1,13.04203906
10,8,6,0,0,0,80.72519084
1,6,6,0,0,0,85.56891767
6,15,3,0,0,0,83.90137781
1,29,5,0,0,0,86.01468625
8,22,3,0,0,0,88.34655278
12,3,2,0,0,0,82.44008715
11,11,5,0,0,0,79.50350095
10,30,3,0,0,0,82.76762402
12,15,6,0,0,0,82.33015495
7,19,4,0,0,0,89.00796081
6,15,5,0,0,1,86.52722239
3,17,3,0,0,0,90.05729693
5,23,6,0,0,0,87.10922424
3,27,3,0,0,0,86.60955816
5,12,6,0,0,1,85.17719569
9,26,4,0,0,0,82.32984293
11,21,5,0,0,0,86.95145631
4,30,2,0,0,0,82.53333333
6,26,5,0,0,0,89.74840406
8,23,5,0,0,0,83.81201044
12,14,4,0,0,0,86.55308792
6,14,3,0,0,1,86.48894274
4,20,2,0,0,0,84.85364193
11,10,5,0,0,1,85.63218391
7,12,4,0,0,0,88.49693252
4,25,2,0,0,0,57.37179487
5,31,3,0,0,1,86.41750228
11,13,6,1,4,1,60.23373342
8,3,4,0,0,0,85.5549924
9,28,3,0,0,0,85.46845124
12,26,2,1,39,1,33.52392416
10,4,6,0,0,1,86.06356968
9,11,4,0,0,1,82.38426874
6,3,2,1,2,1,79.87936234
6,26,4,0,0,1,83.30515638
12,20,6,0,0,0,86.61265432
8,5,4,0,0,1,88.3697479
1,6,5,0,0,0,85.24096386
6,9,5,0,0,0,87.57971455
11,11,6,0,0,0,77.41321921
4,22,3,0,0,1,84.31975404
8,30,5,0,0,0,85.73913043
4,3,2,0,0,1,81.59097836
10,7,5,0,0,0,81.72588832
6,29,3,0,0,0,84.56521739
8,1,2,0,0,0,81.87341772
9,15,5,0,0,0,83.93598103
10,9,5,0,0,0,87.0212766
3,1,3,0,0,0,87.54995389
4,27,2,0,0,0,83.7185588
7,7,6,0,0,0,84.73376424
2,17,6,0,0,0,81.82648402
6,7,3,0,0,1,87.85670917
11,9,4,0,0,0,79.65697951
8,14,6,0,0,0,87.61329305
5,3,5,0,0,1,87.73642465
3,18,2,0,0,0,82.88055196
1,23,3,0,0,0,86.132466
1,13,5,0,0,0,79.77190876
7,3,4,0,0,1,84.18174169
8,28,3,0,0,1,85.70807993
5,22,3,0,0,1,80.46181172
12,6,5,0,0,0,79.19755778
10,5,3,0,0,0,81.96202532
8,12,4,0,0,1,88.97108272
10,11,6,0,0,0,84.30656934
5,10,5,0,0,0,88.22269807
10,13,6,0,0,0,85.59855986
11,20,6,0,0,0,85.69636136
7,27,4,0,0,0,85.28665652
11,4,6,0,0,0,81.02050548
12,19,2,0,0,0,83.1215971
3,29,4,0,0,1,88.74695864
6,24,2,1,1,1,81.07993197
5,1,3,1,4,1,81.01188662
7,14,6,0,0,0,86.64825046
4,5,4,0,0,1,86.36779506
10,16,5,0,0,1,89.52380952
9,8,5,0,0,1,85.72274882
7,8,3,0,0,0,88.4226302
2,10,6,0,0,0,81.39003201
5,4,2,1,43,1,51.05657805
1,30,3,0,0,0,87.32185273
9,6,5,0,0,0,84.37771976
3,25,2,0,0,1,81.84961106
5,29,3,0,0,1,83.39253996
7,5,4,0,0,1,86.69753086
11,2,4,0,0,0,81.03448276
7,25,2,0,0,0,84.3385707
3,27,2,0,0,1,85.00758725
7,31,5,0,0,1,87.81030011
2,16,2,1,18,1,55.25435074
5,27,4,0,0,1,87.73488213
11,14,2,0,0,0,79.59376476
10,28,6,0,0,1,55.85054081
11,30,3,0,0,0,78.61128332
6,30,6,0,0,0,83.05555556
6,24,3,0,0,0,88.4281945
6,1,4,0,0,1,86.6526537
1,15,6,0,0,1,84.24130502
12,29,5,0,0,1,71.36431784
5,15,3,0,0,0,84.08888889
12,12,2,0,0,0,78.3520827
2,18,5,0,0,0,85.69674647
12,29,3,0,0,1,75.94354096
11,20,5,0,0,0,89.0761969
1,3,2,0,0,1,52.13213213
1,20,5,0,0,0,84.54221165
8,2,3,0,0,1,88.36581709
7,10,4,0,0,0,82.18947368
12,6,6,0,0,0,83.27499028
5,15,3,0,0,0,87.38518065
11,25,4,0,0,1,82.20762977
4,17,5,1,1,1,83.15384615
4,11,2,0,0,0,82.69541779
5,14,6,0,0,0,86.67676003
6,12,6,0,0,0,84.84332425
9,7,4,0,0,1,85.33007335
5,26,5,0,0,0,88.52210781
6,29,2,0,0,1,89.25423729
10,16,4,0,0,1,83.06516492
4,28,5,0,0,0,83.95324123
4,5,3,0,0,0,88.86866849
9,23,5,0,0,0,83.07291667
11,1,5,0,0,0,84.91960017
7,5,5,0,0,1,0.030627871
5,20,2,1,1,1,75.26974536
4,22,4,0,0,0,83.58869595
8,3,3,0,0,0,85.13800425
1,21,2,1,11,1,54.6127067
10,10,3,0,0,1,87.50374588
8,9,6,0,0,1,76.5391015
9,24,2,1,1,1,0.030931024
3,8,5,0,0,0,86.03671381
9,18,6,0,0,1,87.40912095
3,13,4,0,0,1,84.44924406
10,21,3,0,0,1,85.60898561
3,2,2,0,0,1,84.2405914
11,24,2,0,0,0,86.52553763
5,31,4,0,0,1,85.76709797
4,10,2,0,0,0,85.31383303
9,11,3,0,0,0,83.82032272
2,7,5,0,0,0,80.93994778
10,27,6,0,0,0,83.80809595
8,26,2,1,5,1,79.33579336
7,22,6,0,0,0,83.3079655
1,16,3,0,0,1,87.99526907
7,29,4,0,0,1,89.58543984
2,1,4,0,0,1,85.91420748
7,5,5,0,0,1,83.07556341
2,7,3,0,0,0,85.3223594
1,4,4,0,0,1,85.26558891
3,18,3,0,0,1,78.03291236
3,24,6,0,0,0,84.7534997
9,5,2,1,61,1,19.88737404
4,4,6,0,0,0,88.73185638
7,17,2,0,0,0,86.01163147
12,18,3,0,0,0,81.87363834
8,8,2,0,0,0,85.00986193
8,14,5,0,0,1,86.41063516
9,22,5,0,0,0,86.29772122
6,1,6,0,0,0,83.04405874
2,24,6,0,0,0,80.84622384
9,6,4,0,0,1,87.78998779
2,2,6,0,0,0,86.65872543
11,16,4,0,0,1,85.89161368
8,29,3,0,0,1,87.84732824
5,5,4,0,0,0,60.7518797
11,26,2,0,0,1,77.12048717
3,6,4,0,0,0,85.48526863
9,28,2,0,0,1,87.2245289
4,25,6,1,9,1,72.81478629
2,5,5,0,0,0,87.34134937
10,28,3,0,0,1,86.40641338
3,26,5,0,0,0,87.78677463
5,19,4,0,0,0,86.15500376
4,5,5,0,0,1,81.91202873
10,17,3,0,0,1,82.12039533
8,13,6,0,0,0,84.3220339
1,11,5,0,0,0,87.96105046
1,25,5,0,0,1,86.25185185
12,10,2,0,0,0,79.32085329
1,1,4,1,72,1,0.534147272
6,10,6,0,0,0,83.01097752
9,12,2,1,1,1,81.93950178
3,2,4,0,0,0,83.90410959
9,23,2,0,0,0,81.21187475
3,21,5,0,0,0,84.58549223
5,30,6,0,0,0,87.41798533
10,13,3,0,0,1,88.12260536
2,19,4,0,0,1,87.71186441
1,31,3,0,0,1,84.36928702
7,25,2,0,0,0,85.58125563
7,29,6,0,0,0,83.31637843
12,21,4,0,0,0,85.29945554
1,21,5,0,0,0,87.73062731
12,6,2,0,0,0,81.20721842
7,13,6,0,0,0,84.07079646
5,15,6,0,0,0,88.57338351
7,10,2,0,0,0,85.21018717
9,8,2,0,0,0,86.83729433
11,17,3,0,0,0,85.4140527
1,15,3,0,0,0,82.63342082
4,25,5,1,9,1,66.11426079
6,24,5,0,0,0,82.15317919
3,11,6,0,0,0,84.98011624
12,6,4,0,0,0,83.8527753
1,5,5,0,0,0,86.70260557
5,25,6,0,0,0,81.92717584
8,28,2,1,7,1,78.76754118
2,15,4,0,0,0,83.56914651
11,27,3,0,0,1,81.11401218
3,2,6,1,71,1,16.55649038
5,6,5,0,0,0,61.67168675
12,17,4,0,0,0,86.5805169
2,4,4,0,0,0,87.53342246
11,12,3,0,0,1,86.63540445
4,21,5,0,0,1,85.03218884
1,11,3,0,0,0,85.68004793
1,25,3,0,0,0,81.51010702
11,1,3,1,13,1,57.78515389
12,2,4,0,0,0,85.21875
12,12,2,0,0,0,78.70669746
4,10,5,1,68,1,24.8088685
10,13,2,1,4,1,83.74070138
6,9,5,0,0,0,86.4229765
12,31,3,1,2,1,65.11450382
3,21,4,0,0,0,86.883763
2,26,6,0,0,0,86.28536285
5,10,6,0,0,0,81.61220044
3,29,6,1,50,1,28.94850714
8,21,2,0,0,0,86.11958511
12,15,5,0,0,0,84.85307483
1,28,4,0,0,1,87.2745491
4,21,5,0,0,0,85.41603631
2,8,4,0,0,0,84.71395881
5,14,2,0,0,0,84.60361188
9,1,2,1,16,1,57.71910524
11,24,3,0,0,1,84.51451764
7,6,6,0,0,1,82.71441202
10,31,2,0,0,0,79.75107707
10,21,4,0,0,1,83.11605723
5,2,5,0,0,1,79.42583732
12,14,3,0,0,0,79.539801
1,29,6,0,0,0,83.06078371
6,2,5,0,0,0,86.03674541
2,12,5,0,0,0,86.58618377
8,24,6,0,0,0,82.57839721
10,20,2,0,0,1,87.29378729
6,26,6,0,0,0,86.87521251
7,18,3,0,0,0,88.79363135
10,29,2,0,0,0,80.66058236
9,5,3,0,0,1,85.77533578
12,14,5,0,0,0,83.89780154
1,17,4,0,0,1,87.16356108
2,23,5,0,0,0,83.39399454
10,9,2,0,0,1,84.7005988
5,11,3,0,0,0,84.7023361
3,18,4,0,0,0,90.05059022
12,24,3,1,1,1,82.18545594
3,28,4,0,0,0,85.57258792
9,16,3,0,0,0,89.97082422
12,25,5,1,73,1,0.62851472
4,7,6,0,0,1,86.13740458
11,20,4,0,0,0,85.34214619
8,12,2,0,0,0,82.80730897
1,19,4,0,0,1,84.10714286
2,22,3,0,0,1,83.07515777
12,13,3,0,0,0,83.21678322
8,1,2,1,2,1,84.37312537
4,29,6,0,0,0,79.42583732
6,13,2,1,9,1,76.57056146
6,17,6,0,0,0,84.43175921
11,9,4,0,0,1,87.61731759
7,21,5,0,0,0,84.28788647
1,8,4,0,0,0,89.89706443
4,8,6,1,2,1,84.93774674
5,22,5,0,0,0,86.52809854
2,11,3,0,0,0,85.11950655
4,18,6,1,54,1,24.57627119
12,1,6,0,0,0,79.57308034
6,16,4,0,0,0,85.63134978
10,6,3,0,0,1,87.86717752
4,17,4,0,0,1,80.66346574
1,17,2,0,0,1,52.14285714
12,4,3,0,0,0,81.50894025
9,24,6,0,0,0,82.85528031
12,28,4,0,0,1,76.20617321
10,16,3,0,0,0,84.05923345
3,3,5,0,0,0,87.48466258
1,19,6,0,0,0,86.62326132
5,13,5,0,0,0,89.37452901
11,9,2,0,0,1,83.63808323
2,22,5,0,0,0,85.62462642
3,14,5,0,0,0,84.89425982
1,7,2,0,0,0,83.58862144
6,6,6,0,0,0,86.67177327
7,24,4,0,0,0,83.38204593
5,1,3,0,0,0,81.91111111
4,15,2,0,0,0,80.73234525
6,16,6,0,0,1,85.14637904
5,31,5,0,0,0,87.38043814
2,20,3,0,0,1,83.39814538
1,2,3,0,0,1,79.56225969
9,27,5,0,0,0,81.31533101
3,8,4,0,0,0,87.19586375
8,9,5,0,0,1,84.91150442
5,25,2,1,23,1,52.42486339
9,18,5,0,0,0,89.65517241
11,6,5,1,31,1,60.06896552
9,2,4,0,0,1,88.88888889
8,7,3,0,0,1,84.72775564
4,26,4,0,0,1,86.61971831
8,4,6,0,0,0,87.34718826
5,6,4,0,0,1,86.53256052
1,10,6,0,0,0,89.46162658
6,14,4,0,0,1,87.24191063
6,19,3,0,0,0,83.89232127
10,2,4,1,34,1,60.01628664
9,22,6,0,0,1,85.0692354
11,28,2,0,0,0,82.59416768
4,10,3,0,0,0,88.47549909
7,29,3,1,32,1,59.48148148
8,24,4,0,0,0,85.60903733
10,14,6,0,0,0,80.69916297
11,15,5,0,0,1,62.64693078
1,16,2,1,2,1,80.43412722
12,2,6,0,0,0,80.56586271
7,6,4,0,0,1,84.15132924
3,28,2,0,0,0,83.38779956
5,10,3,0,0,0,88.468523
8,2,4,0,0,0,89.33699969
7,10,5,0,0,0,89.52487841
1,26,2,1,37,1,48.86287625
3,22,3,0,0,1,87.5646093
9,4,6,0,0,0,87.16238746
10,12,4,0,0,1,82.10059172
4,1,3,0,0,1,90.56171188
11,30,4,0,0,0,79.36802974
3,6,2,0,0,0,85.43630283
4,24,2,0,0,1,83.31802877
7,4,2,0,0,1,49.28498468
5,16,2,0,0,0,83.5978836
6,30,5,0,0,1,88.49744053
8,18,5,1,8,1,59.12604043
1,20,6,0,0,0,84.02014652
3,9,6,0,0,1,68.80941603
7,20,3,0,0,0,83.32145403
10,28,5,0,0,0,82.36040609
11,1,6,1,1,1,82.71943574
6,28,3,0,0,0,87.5826819
9,13,6,0,0,0,78.71469505
6,5,4,0,0,1,83.71490281
5,20,3,0,0,1,86.5021211
4,12,5,0,0,0,87.59455371
2,25,2,0,0,0,83.42757721
10,6,5,0,0,0,87.1992872
12,11,6,0,0,0,83.56207112
4,6,2,1,15,1,71.59400545
9,7,3,0,0,1,83.80513496
8,22,2,0,0,0,53.67175949
10,26,3,0,0,0,77.61479592
10,23,6,0,0,1,77.03303685
7,15,4,0,0,1,88.91142664
12,16,5,0,0,0,79.11471322
2,3,5,0,0,0,86.14564831
8,3,6,0,0,1,77.69911504
1,22,5,0,0,0,87.23262032
4,28,6,0,0,0,81.56682028
11,23,5,1,25,1,55.23668639
8,15,3,1,43,1,53.12404755
6,27,6,0,0,0,87.96540053
5,1,5,1,2,1,85.46646106
11,6,3,1,9,1,73.33623314
3,13,3,0,0,1,84.22955264
10,8,2,1,1,1,80.56768559
1,18,4,0,0,1,86.81351841
11,22,3,0,0,1,84.70409712
2,9,4,0,0,0,81.66765228
3,27,4,1,50,1,25.61661618
4,19,6,1,37,1,41.49956408
2,19,6,0,0,0,85.48139034
7,11,2,0,0,0,79.96395314
5,27,6,0,0,0,84.42449842
5,23,5,0,0,0,78.73166523
1,21,3,0,0,1,87.22753346
3,24,5,1,69,1,15.00761035
12,18,4,0,0,0,88.05275407
10,19,4,0,0,0,78.6909743
1,4,3,0,0,1,84.30547204
11,11,4,1,68,1,14.79962133
6,4,2,1,2,1,83.80952381
9,3,6,0,0,0,79.90622907
3,28,6,0,0,0,88.98240245
12,15,3,0,0,0,85.06533914
6,30,5,0,0,1,83.41037494
2,7,2,0,0,0,82.03309693
10,19,2,0,0,0,87.73435017
9,15,3,0,0,1,90.01982816
8,8,3,0,0,1,83.83653553
10,7,3,0,0,1,85.05502307
4,18,4,0,0,0,82.47653107
12,17,2,0,0,0,81.87363834
9,11,2,0,0,0,85.06513178
2,1,5,0,0,0,88.02377415
7,27,6,0,0,0,85.27851459
2,21,3,0,0,1,84.43331816
12,29,6,0,0,1,64.37629018
3,15,5,0,0,0,87.16674198
1,15,5,1,2,1,87.74624374
2,21,5,0,0,0,85.17391304
5,26,4,0,0,0,84.83483483
11,13,3,1,51,1,18.69565217
11,10,2,0,0,0,88.22115385
2,18,4,0,0,1,87.47488279
12,11,4,0,0,0,84.19417476
2,25,4,0,0,1,87.45387454
4,29,6,0,0,0,83.89933293
9,2,2,1,12,1,54.47087777
6,5,6,0,0,0,85.68027211
3,15,3,0,0,0,86.9613878
6,23,5,0,0,0,85.0931677
8,11,2,0,0,0,82.73567468
12,27,4,0,0,1,73.83259912
9,18,2,0,0,0,85.25331725
5,20,6,0,0,0,85.83509514
7,4,2,1,24,1,52.97475962
1,14,3,1,2,1,83.68280595
11,24,5,1,20,1,56.27087762
1,18,4,0,0,1,85.3223594
10,10,2,0,0,1,72.54805323
8,19,4,0,0,0,88.9742733
11,4,4,0,0,1,89.16614024
9,27,4,0,0,1,83.34333733
2,28,5,0,0,0,85.37326389
9,25,4,0,0,0,81.67752443
4,24,3,0,0,1,85.57168784
11,3,2,0,0,1,84.25223983
3,15,3,0,0,1,89.64361864
5,22,6,0,0,0,86.63009942
4,8,3,1,2,1,88.74475391
10,31,3,0,0,1,84.45687371
2,6,3,0,0,0,85.20392974
2,28,3,0,0,0,85.71428571
4,14,6,1,21,1,60.43956044
8,12,6,0,0,0,82.19921105
2,3,6,0,0,0,83.8295923
10,6,6,0,0,0,84.04797601
8,23,3,0,0,1,87.39994071
7,19,6,0,0,0,81.13998324
2,15,5,0,0,1,86.12440191
2,9,2,0,0,0,85.00167392
7,13,3,0,0,0,86.19698059
12,31,2,1,62,1,13.13836753
8,28,6,0,0,0,82.96593186
7,15,3,0,0,0,90.37313433
1,25,4,0,0,1,85.99542334
3,20,2,0,0,0,85.0182704
8,21,3,0,0,0,83.25358852
6,5,3,0,0,1,85.0088968
1,24,2,0,0,0,82.69916766
3,10,5,0,0,0,87.01497097
3,14,6,0,0,0,89.86953185
9,30,3,0,0,1,87.08761972
9,26,2,0,0,0,83.93966282
7,21,6,0,0,0,86.27992634
11,18,6,0,0,0,80.04705882
12,21,3,0,0,0,77.41935484
7,18,2,0,0,0,82.02133062
5,8,5,0,0,0,87.95831725
6,10,2,1,9,1,70.54764985
1,12,6,0,0,0,85.45669524
7,20,2,0,0,0,85.31397704
7,24,5,0,0,0,89.94807122
1,11,4,0,0,0,88.14881488
6,14,5,0,0,0,82.57609175
6,4,6,0,0,0,84.01486989
1,2,2,1,83,1,3.956834532
2,5,6,0,0,0,83.05555556
9,1,5,0,0,0,86.39858072
6,26,2,1,50,1,39.66738528
12,27,6,1,6,1,71.54811715
6,16,5,0,0,0,87.62481089
5,11,6,0,0,0,83.28159645
5,2,2,0,0,0,77.87798408
12,30,5,0,0,1,61.962447
10,24,2,0,0,1,75.82309582
9,16,2,0,0,0,81.21682319
6,21,4,0,0,0,88.24253616
11,22,5,1,11,1,54.15397999
12,8,3,0,0,0,82.51246883
6,19,4,0,0,0,83.92627518
10,30,5,0,0,0,86.2369338
5,11,4,0,0,0,82.86472149
12,8,5,0,0,1,83.72447425
10,14,5,0,0,0,79.33884298
5,13,4,0,0,0,89.09028728
4,7,5,0,0,0,88.39092873
4,3,4,0,0,1,83.41314758
5,31,6,0,0,0,82.58986574
4,4,5,0,0,0,82.93426208
12,3,3,0,0,0,87.02556158
1,29,4,0,0,1,90.30279801
12,23,4,0,0,1,84.31007752
7,8,6,0,0,0,83.74233129
4,1,6,0,0,0,87.61061947
8,22,2,0,0,0,87.28512152
2,15,3,0,0,0,83.9100346
2,24,6,0,0,0,81.29189519
10,27,3,1,1,1,86.09794629
1,10,3,0,0,0,86.58367911
2,1,3,0,0,0,86.2150921
5,12,5,0,0,0,84.11858126
3,18,6,0,0,0,88.56707317
9,19,3,0,0,1,87.50754375
12,7,4,0,0,1,84.35312024
4,24,6,0,0,0,85.52945182
6,22,6,0,0,0,81.81015453
3,17,6,0,0,1,84.0902164
11,15,4,0,0,0,86.21301775
4,26,5,0,0,1,80.46283934
12,25,3,1,62,1,0.131004367
2,9,6,0,0,0,83.60704688
8,7,2,1,9,1,54.58981397
2,26,5,0,0,1,87.31168396
5,16,6,0,0,0,86.17760618
1,14,4,0,0,1,87.28728729
11,18,3,0,0,0,89.72625887
9,22,2,0,0,0,89.10998553
6,3,5,0,0,0,85.0591716
10,11,3,1,51,1,34.27635497
12,27,2,0,0,1,44.71299094
11,21,2,0,0,0,77.470726
5,19,5,0,0,0,86.00105652
8,15,2,1,41,1,50.49534674
2,29,4,0,0,0,85.43557169
3,23,4,0,0,0,85.48476454
7,1,6,0,0,1,80.47276465
3,20,5,0,0,0,88.73185638
11,3,3,1,9,1,81.56565657
2,11,5,0,0,1,87.90024631
11,19,2,0,0,0,76.18426771
1,4,5,0,0,0,86.25774108
4,11,5,1,1,1,82.34014789
12,10,3,0,0,0,84.47807528
1,22,4,0,0,1,87.4042879
10,14,2,1,10,1,70.84841174
1,26,5,1,52,1,47.46585736
7,31,2,0,0,0,86.39143731
3,5,5,0,0,1,80.19535197
1,7,4,0,0,0,90.65202927
9,29,2,0,0,0,85.74973414
5,27,5,0,0,0,83.13343328
9,7,2,1,20,1,59.16195544
7,23,6,0,0,0,83.5117773
6,15,6,0,0,0,81.61732214
5,9,6,0,0,0,86.80851064
9,26,3,0,0,0,84.73305339
11,30,4,0,0,0,85.67082446
3,7,4,0,0,1,82.61461643
12,21,5,0,0,0,81.86619718
2,13,4,0,0,0,82.13507625
11,5,2,0,0,1,83.74619731
7,7,4,0,0,1,86.4
12,7,4,0,0,0,80.50925926
6,15,4,0,0,0,85.20833333
1,26,3,1,49,1,50.04616805
5,28,5,0,0,0,86.67577725
1,6,2,0,0,0,89.40952381
8,6,2,1,2,1,82.96460177
7,19,3,0,0,0,86.28158845
12,26,5,1,15,1,61.84861164
1,28,2,0,0,0,70.14341591
4,20,5,0,0,0,85.96330275
3,15,5,0,0,0,87.4886946
6,30,2,0,0,1,86.55430712
7,4,5,1,8,1,57.82169891
12,19,3,0,0,0,84.96483001
10,12,5,0,0,0,86.83658171
11,14,2,1,33,1,54.1301059
6,15,2,0,0,0,85.32516173
5,12,5,0,0,0,88.55585831
10,30,4,0,0,1,88.68071819
11,19,5,0,0,0,86.22417032
5,23,2,1,4,1,79.70356927
4,23,4,0,0,1,85.19800077
4,8,6,0,0,0,87.33766234
12,22,2,0,0,1,84.39153439
9,30,6,0,0,0,83.67647059
6,12,3,0,0,1,69.11719471
10,4,2,0,0,0,82.69109286
11,21,4,0,0,1,78.04878049
5,30,4,0,0,1,84.44444444
3,5,2,0,0,0,86.05812897
3,16,4,0,0,1,89.72560976
8,26,5,0,0,0,82.32904536
11,10,6,0,0,1,81.78592549
1,8,6,0,0,0,87.68564356
5,8,2,0,0,1,83.9532739
2,14,6,0,0,0,79.46738711
5,4,6,0,0,0,85.89312977
3,19,3,0,0,0,83.72895986
9,14,6,0,0,0,83.57361293
8,23,6,0,0,1,82.406639
10,30,2,0,0,1,83.78457916
3,23,6,0,0,0,83.20507017
10,15,4,1,3,1,41.59574468
9,7,4,0,0,1,85.23569523
4,26,3,0,0,0,70.45940171
6,10,6,0,0,0,85.3227771
12,2,6,0,0,0,80.2679659
10,18,3,0,0,0,84.38113949
9,25,3,0,0,0,82.4094282
4,8,4,0,0,1,89.05184175
9,10,3,0,0,1,82.26863227
8,8,6,0,0,0,87.42138365
8,4,3,0,0,1,88.57142857
8,23,4,0,0,1,87.82051282
1,30,6,0,0,0,84.89304813
6,27,3,0,0,1,81.74261084
3,1,4,0,0,0,84.89186719
7,19,5,0,0,0,85.68904594
7,1,6,0,0,1,83.41375151
8,11,5,0,0,0,85.51791851
1,10,5,0,0,0,83.74233129
11,23,3,0,0,1,76.91831683
12,4,5,0,0,0,82.88948069
2,17,5,0,0,0,83.716916
2,10,3,0,0,0,85.33154722
3,4,3,0,0,0,87.44239631
7,27,2,0,0,0,87.1967655
6,19,2,0,0,0,83.01015697
11,27,6,1,16,1,59.66885348
6,23,3,0,0,0,89.01360544
1,2,4,1,9,1,82.02099738
6,23,5,0,0,0,87.63909774
12,30,3,0,0,1,76.34017207
5,9,2,0,0,0,83.20084791
6,11,6,0,0,0,84.17159763
10,12,3,0,0,0,82.40917782
5,4,6,0,0,0,83.58473824
11,29,5,0,0,1,78.28546562
6,7,3,0,0,0,85.71428571
11,26,4,0,0,1,86.37126553
6,7,5,0,0,0,84.36250555
10,26,4,1,1,1,19.07571288
11,29,3,0,0,0,78.23665893
5,19,2,1,4,1,79.4446587
1,13,6,0,0,0,83.41375151
9,19,6,0,0,0,87.38640494
11,25,2,0,0,0,83.62369338
3,31,5,0,0,0,83.95196507
5,20,4,0,0,1,89.25025676
11,7,3,1,9,1,82.04901092
10,23,5,1,62,1,16.10526316
5,16,3,0,0,0,87.00338774
10,26,6,0,0,1,76.32724108
4,16,5,0,0,1,87.57658271
12,11,2,0,0,0,77.91319857
10,22,3,0,0,0,81.19122257
4,12,4,0,0,1,87.70966758
5,4,4,0,0,0,85.23632501
4,15,3,0,0,1,87.34662577
3,9,5,0,0,0,86.61800487
3,13,6,0,0,0,86.96386356
9,18,4,0,0,0,82.66013872
4,11,2,0,0,0,86.35813672
10,4,4,0,0,1,85.73141487
10,3,2,0,0,1,85.82023139
8,19,6,0,0,0,82.80788177
8,15,5,1,39,1,55.88357588
1,23,2,0,0,1,86.78555098
2,25,6,0,0,0,81.88571429
3,8,3,0,0,0,87.8101072
9,22,5,0,0,0,86.05108055
3,12,4,0,0,1,90.9892638
7,11,4,0,0,0,84.60858027
8,18,4,0,0,0,84.83577918
1,3,6,0,0,1,86.95652174
4,26,5,0,0,1,84.0096911
9,29,6,0,0,1,73.39916218
8,14,3,0,0,1,79.45084145
7,15,5,0,0,0,86.72883788
2,3,4,0,0,0,87.10672424
2,6,5,0,0,0,87.33153639
3,11,2,1,9,1,73.23821876
7,27,4,0,0,0,88.29531813
8,30,3,0,0,1,87.34476641
2,2,2,0,0,0,86.29086057
12,31,5,1,1,1,64.0567201
7,12,6,0,0,0,80.1600674
11,15,2,0,0,0,81.21059269
3,23,6,0,0,1,84.70837111
2,5,3,0,0,0,78.7141616
10,24,5,0,0,0,89.60125098
4,18,4,1,1,1,82.8536807
1,8,2,0,0,0,86.06436374
12,25,2,1,86,1,1.614797416
6,22,5,0,0,0,87.48077515
11,23,6,1,9,1,58.67480384
8,15,4,1,33,1,52.8343667
5,28,3,0,0,1,81.43532445
7,16,3,0,0,0,82.75862069
5,12,2,0,0,1,85.65906455
9,5,5,0,0,0,83.54534263
4,4,4,0,0,1,87.934684
11,14,6,0,0,0,86.96690549
11,9,6,0,0,0,84.35462842
4,28,2,0,0,0,85.07118122
8,6,4,0,0,1,89.74074074
5,2,3,0,0,1,86.65846911
2,12,2,0,0,0,83.88059701
10,20,5,0,0,0,83.08823529
5,7,2,1,7,1,76.64007092
3,14,3,0,0,1,74.6496039
9,19,4,0,0,0,82.83842795
7,2,3,0,0,1,82.79343711
7,12,3,0,0,0,83.43527013
5,23,4,0,0,1,88.02211302
8,26,6,0,0,1,79.98220641
10,10,5,0,0,0,87.60631835
10,6,5,1,1,1,34.57943925
6,11,2,1,13,1,66.23779947
7,27,5,0,0,0,89.04820012
12,28,6,0,0,1,61.2467306
6,8,5,0,0,0,87.72307692
2,28,3,0,0,0,84.86601705
8,1,4,0,0,1,82.80903855
4,23,2,0,0,1,80.08928571
4,28,3,0,0,0,85.01019714
2,8,2,1,1,1,84.9568434
8,6,5,0,0,0,88.78065166
9,15,4,0,0,0,83.30046022
3,28,2,1,15,1,70.04257908
12,8,5,0,0,0,80.92165899
4,18,3,0,0,1,83.57251908
10,14,6,0,0,1,84.25455632
8,30,3,0,0,1,82.38747554
7,6,4,1,33,1,57.77443609
5,18,4,0,0,1,88.65355522
6,7,2,0,0,0,81.65070007
2,11,6,0,0,0,83.17647059
7,23,5,0,0,0,87.28070175
12,24,6,0,0,1,44.62200369
8,16,3,0,0,0,79.87141444
6,22,4,0,0,0,87.82765893
11,24,5,0,0,1,47.62569832
9,30,6,0,0,1,82.29537367
11,3,4,0,0,1,74.05991077
9,26,6,0,0,0,87.75289017
3,24,2,0,0,0,88.4644767
8,20,4,0,0,1,88.92580288
10,20,4,0,0,0,82.89891926
6,2,3,0,0,1,87.50424448
4,14,3,0,0,1,87.12871287
10,10,6,0,0,0,85.18650089
7,2,4,0,0,1,88.7012012
9,10,5,0,0,0,88.93687708
7,26,2,0,0,0,83.38068182
1,28,6,0,0,0,80.98633393
3,14,2,1,9,1,80.56655498
6,18,4,0,0,0,88.38441165
6,11,5,0,0,0,87.27025187
6,14,2,0,0,0,76.66666667
12,31,6,0,0,0,51.06253795
9,7,5,0,0,0,87.03985397
2,15,2,1,15,1,58.10810811
7,23,2,0,0,0,82.37632509
6,4,2,1,5,1,78.28596803
3,3,3,0,0,1,87.21829802
9,22,4,0,0,0,81.56862745
5,30,3,0,0,1,84.57987073
10,31,4,0,0,0,83.10840226
8,15,6,1,35,1,54.80413895
4,11,3,0,0,0,86.77635588
7,20,5,0,0,0,87.96324655
3,26,2,0,0,0,83.90214437
7,30,5,0,0,1,89.34232715
2,8,6,0,0,0,79.74683544
4,21,3,0,0,0,85.15491999
3,17,2,1,58,1,23.63775902
6,25,4,0,0,0,88.99773926
9,27,3,0,0,0,84.70993117
1,5,5,0,0,1,85.10834486
9,17,5,1,3,1,87.36807388
6,9,3,0,0,1,87.52125128
11,27,2,0,0,0,80.53254438
4,25,2,1,9,1,73.11178248
11,21,6,0,0,0,87.88390145
10,3,6,1,41,1,43.06543385
8,3,4,0,0,1,88.7721405
3,11,6,0,0,0,83.49349915
11,11,6,1,4,1,78.24508321
1,27,2,1,9,1,75.13409962
5,7,4,0,0,1,87.82373405
8,2,2,0,0,0,80.1980198
3,28,4,0,0,1,88.03625378
9,8,5,0,0,0,85.5680156
6,23,2,0,0,0,86.6616428
3,26,2,0,0,0,86.26919603
8,29,5,0,0,1,82.58196721
1,9,6,0,0,0,90.1633878
10,17,5,0,0,0,85.39325843
10,1,4,0,0,1,84.98402556
5,21,3,0,0,1,77.28842832
8,13,4,0,0,1,88.19393042
7,6,6,0,0,1,0.030637255
5,5,2,1,8,1,81.58301158
12,1,4,0,0,0,79.80049875
5,11,5,0,0,1,87.03533026
1,31,3,0,0,1,86.52266504
7,4,4,1,7,1,59.77924945
12,28,2,1,17,1,59.58946078
5,31,3,0,0,1,84.50630252
5,25,4,0,0,1,88.98305085
9,2,6,0,0,0,84.65185185
4,6,4,0,0,1,90.01820388
11,12,6,0,0,0,80.87954111
8,27,3,0,0,1,84.96517821
12,21,6,0,0,0,80.52401747
12,5,5,0,0,0,84.60046548
9,12,4,0,0,0,83.68948975
7,4,4,1,17,1,0.030656039
2,5,2,0,0,0,81.8452381
7,9,3,0,0,0,83.03157895
5,16,4,0,0,0,88.60992039
7,19,3,0,0,0,83.90862944
8,4,4,0,0,0,84.99646143
7,15,6,0,0,0,83.61939175
12,22,6,0,0,0,75.95419847
7,3,5,0,0,1,88.31460674
12,13,5,0,0,0,80.60026098
7,24,6,0,0,0,85.84459459
6,8,3,0,0,0,84.03547672
11,27,4,0,0,1,83.59193173
7,26,4,0,0,0,88.50504433
12,27,5,0,0,1,64.64690497
1,19,2,1,7,1,76.27798196
2,21,6,0,0,0,88.4097035
2,4,3,0,0,0,84.86132512
4,24,4,1,33,1,51.43853531
3,4,2,0,0,0,83.47035915
4,6,6,1,48,1,26.3016158
3,20,3,0,0,0,85.04292815
5,19,6,0,0,0,85.50277606
11,21,3,0,0,1,83.79259259
9,20,6,0,0,0,80.75040783
6,5,2,1,2,1,82.81057811
5,29,4,0,0,1,82.41616509
12,8,6,0,0,0,80.46967895
10,23,3,0,0,1,76.30662021
6,21,3,0,0,0,87.74096386
11,23,4,0,0,1,79.23292797
9,9,4,0,0,1,89.52095808
10,3,2,0,0,0,81.0107949
11,17,5,0,0,1,85.32082324
4,20,6,0,0,0,82.01342282
5,22,2,0,0,1,83.93846154
5,5,6,0,0,0,84.9677221
10,31,2,1,11,1,56.04461863
4,3,3,0,0,0,86.18983356
4,19,5,0,0,1,82.33514822
3,15,4,0,0,1,82.32784887
12,26,3,1,18,1,55.77092511
9,2,6,0,0,1,81.26223092
9,16,6,0,0,0,84.24153166
2,28,2,0,0,0,84.45330296
11,3,5,0,0,1,85.6065178
8,16,5,0,0,1,81.83023873
9,19,2,0,0,0,84.60029426
10,19,3,0,0,0,82.00890019
3,31,5,0,0,0,89.54905545
3,17,5,0,0,0,85.12534819
10,14,4,0,0,1,87.29246488
12,4,6,0,0,0,82.05128205
8,5,3,0,0,1,89.03703704
5,18,2,1,1,1,87.11551606
10,17,2,0,0,0,87.08133971
4,14,5,0,0,1,82.33514822
3,11,4,0,0,1,87.55900202
5,29,5,0,0,0,89.53040801
7,1,2,1,1,1,80.79831933
2,23,3,0,0,0,85.6484327
6,22,3,0,0,0,84.164859
8,12,5,0,0,0,85.05990134
7,15,2,0,0,0,81.43637127
2,14,2,0,0,0,80.93317972
9,9,3,0,0,0,89.60848884
7,13,4,0,0,0,84.43083206
1,1,5,1,78,1,0.631229236
1,17,6,0,0,0,89.51798011
8,16,5,0,0,1,0.030525031
2,9,3,1,1,1,87.36128237
8,7,6,0,0,0,87.73171554
12,15,2,0,0,0,82.51655629
4,1,4,0,0,1,90.03752985
12,5,3,0,0,0,82.190561
3,16,6,0,0,0,86.10859729
9,12,2,0,0,0,86.02941176
2,7,6,0,0,0,87.31199383
2,24,5,0,0,0,83.43803541
8,5,2,0,0,0,81.7047817
9,2,5,0,0,0,65.5704698
8,29,2,0,0,1,76.80664063
10,13,5,0,0,1,85.63766389
1,5,2,0,0,0,90.56791764
5,1,2,1,13,1,73.81684081
3,29,5,0,0,1,87.19033233
8,26,3,0,0,1,90.70194781
3,7,2,0,0,0,83.55002826
10,27,5,0,0,0,86.52460984
5,8,4,0,0,1,82.2173913
7,26,5,0,0,0,84.72406181
2,11,2,0,0,0,82.89817232
7,22,2,0,0,0,80.52543786
12,11,5,0,0,0,85.89913736
9,23,4,0,0,1,88.21205137
1,17,5,0,0,0,82.05689278
2,10,5,0,0,0,84.77366255
6,19,5,0,0,0,87.60861352
2,25,3,0,0,0,88.39800231
8,16,4,0,0,1,86.14072495
1,3,5,0,0,1,83.31148973
6,22,4,0,0,0,84.54356846
2,2,3,0,0,0,88.77582485
2,22,4,0,0,1,87.0545233
5,18,3,0,0,0,85.13513514
7,12,3,0,0,0,84.95043557
12,12,3,0,0,0,81.32619685
8,19,3,0,0,1,88.30258303
4,24,3,0,0,1,77.8125
6,9,6,0,0,0,85.11097411
12,29,2,0,0,1,76.87479352
1,31,6,1,1,1,87.96153846
5,15,4,0,0,0,81.91304348
7,3,6,1,20,1,57.64665988
12,14,4,0,0,0,81.4986124
11,6,4,0,0,1,82.20305762
3,3,5,0,0,0,84.92063492
6,1,3,0,0,1,82.53731343
1,19,3,0,0,1,87.09280885
7,17,6,1,1,1,85.28416779
4,10,3,0,0,1,84.80898876
6,5,3,0,0,1,86.85099846
9,30,4,0,0,1,87.21636306
10,2,3,1,30,1,56.069869
11,17,6,0,0,0,84.42865601
11,7,2,0,0,0,83.94800484
9,23,6,0,0,0,82.93162814
11,21,2,0,0,0,83.19684562
3,21,2,0,0,0,76.96566999
5,5,5,0,0,1,89.1140006
10,7,6,0,0,1,72.92899408
5,26,6,0,0,0,84.57512315
6,8,2,1,12,1,71.23938879
12,25,6,1,78,1,0.647548566
3,30,6,0,0,0,85.0699143
8,30,6,0,0,1,81.81818182
6,12,5,0,0,0,87.92581378
5,15,2,0,0,0,85.71428571
11,9,3,0,0,0,78.56234097
5,24,5,0,0,0,82.76473195
4,11,6,0,0,1,86.1302682
10,7,2,0,0,0,87.46958637
1,6,4,0,0,0,89.37615812
6,14,6,0,0,0,80.94827586
12,16,3,0,0,0,85.22689632
1,15,4,0,0,1,89.95799924
6,24,6,0,0,0,83.46293416
8,27,6,0,0,0,83.3220339
3,31,6,0,0,0,86.5466748
12,27,3,0,0,1,47.38546969
3,12,5,0,0,0,88.64937689
10,3,3,0,0,1,83.1188267
6,25,6,0,0,0,82.92151163
11,2,4,0,0,1,82.49849125
2,10,6,0,0,0,84.3902439
3,16,4,0,0,0,86.62562955
3,20,4,0,0,0,84.41278066
8,8,2,0,0,1,86.37863786
5,20,5,0,0,0,85.90704648
10,18,4,1,2,1,71.89091999
2,14,3,0,0,0,80.87631219
11,22,2,0,0,0,77.16584158
5,10,5,0,0,0,84.70744681
1,26,6,1,51,1,46.0694156
12,11,3,0,0,0,80.68033144
5,9,5,0,0,0,82
1,7,5,0,0,0,89.13580247
12,2,3,0,0,0,83.38892595
4,20,4,0,0,1,85.89812332
11,11,2,1,4,1,80.2734375
9,29,3,0,0,1,88.12639643
3,7,5,0,0,0,85.11930586
3,27,6,0,0,0,85.89267634
12,1,3,0,0,0,85.28125
4,4,4,0,0,1,86.06115108
2,20,5,0,0,0,88.2986913
2,25,5,0,0,0,86.53550569
3,16,6,0,0,0,85.3820598
12,22,5,0,0,0,83.71670702
11,7,2,0,0,0,77.03668414
1,29,3,0,0,0,81.43478261
5,5,5,0,0,0,84.3418259
9,27,3,0,0,0,85.86217096
7,8,5,0,0,0,86.34713145
9,13,3,0,0,1,82.14709371
5,1,6,1,2,1,83.6852861
11,22,4,0,0,1,82.27286179
1,10,2,0,0,0,85.02097064
3,6,5,0,0,0,89.22958988
10,27,2,1,3,1,84.88331592
11,26,3,0,0,1,84.54087563
4,15,6,1,41,1,43.54009077
10,12,2,1,4,1,82.03000319
7,9,6,0,0,0,86.09898108
12,26,2,1,1,1,15.30282016
6,11,2,1,9,1,76.15242778
8,10,2,1,1,1,86.31472764
8,14,2,0,0,1,75.41882425
2,9,5,0,0,0,88.36784409
1,20,4,0,0,1,87.20787208
3,1,3,0,0,0,84.9002849
1,21,4,0,0,1,89.23436978
8,24,2,0,0,0,87.28304406
11,18,4,0,0,0,85.28396611
4,26,6,0,0,1,79.51965066
1,16,4,0,0,0,83.77077865
6,29,6,0,0,0,81.44876325
1,30,4,0,0,0,80.86124402
10,22,2,1,4,1,75.40269917
12,7,5,0,0,0,83.24918325
7,30,6,0,0,0,83.17823908
2,4,5,0,0,0,86.5064695
12,17,3,0,0,0,86.12940721
11,10,3,1,1,1,81.224361
2,20,4,0,0,1,85.2173913
2,23,6,0,0,0,83.54278875
1,8,3,0,0,0,83.48664039
3,13,5,0,0,0,90.64058305
10,21,2,0,0,0,87.27984344
12,20,2,0,0,0,77.3374613
9,14,2,0,0,0,88.61386139
6,17,5,0,0,0,85.42422045
11,28,2,0,0,0,76.85528757
1,12,5,0,0,0,88.77887789
5,26,5,0,0,0,86.16684266
3,30,4,0,0,0,82.20524017
10,4,3,0,0,1,87.94894627
3,14,4,0,0,1,84.99774062
12,28,5,0,0,1,71.78959741
2,5,4,0,0,0,86.47398844
8,29,2,1,6,1,81.79130949
3,3,6,0,0,0,84.32267884
1,19,5,0,0,0,87.01690821
11,12,2,0,0,1,67.82608696
11,1,4,1,2,1,84.31603774
12,5,2,0,0,0,78.33333333
6,8,6,0,0,0,84.08381632
2,6,4,0,0,0,79.55632884
5,17,6,0,0,0,80.49414824
1,17,3,0,0,1,85.10054845
7,24,2,0,0,0,86.02446483
7,2,2,0,0,1,0.030646644
7,16,6,0,0,0,86.09510086
10,6,2,1,1,1,81.43160879
12,9,4,0,0,0,83.41128781
4,10,6,0,0,0,86.99214749
12,31,4,1,1,1,68.17275748
10,28,2,0,0,0,88.15738216
3,25,6,1,26,1,42.36978373
9,21,2,0,0,0,86.45799012
4,6,4,0,0,0,88.13651138
12,13,2,0,0,0,79.24176507
11,23,4,0,0,1,82.66018828
12,16,4,0,0,0,85.83437111
2,8,3,0,0,0,82.26950355
1,28,5,0,0,1,86.4265928
2,27,4,0,0,0,84.12353197
7,15,6,0,0,0,81.20224147
2,16,6,1,2,1,80.78994614
5,24,6,0,0,0,80.06042296
5,2,6,0,0,1,83.10784693
6,10,5,0,0,0,84.45099484
1,24,3,0,0,1,86.09967993
11,8,4,0,0,1,87.0977266
5,3,5,0,0,0,84.70066519
3,27,5,0,0,0,90.16018307
10,18,3,0,0,0,87.47384155
4,17,6,0,0,0,87.80653951
11,25,3,0,0,1,87.63856231
2,19,5,1,1,1,86.93029491
10,20,3,0,0,1,87.30916031
11,11,3,0,0,0,89.73305955
3,28,5,0,0,1,66.29213483
3,10,6,0,0,0,84.19128846
4,19,5,0,0,0,82.82016957
1,1,3,1,66,1,0.786369594
9,12,3,0,0,0,85.72727273
10,1,3,0,0,1,88.72149837
2,16,5,0,0,1,85.07462687
9,21,5,0,0,1,85.45673077
4,13,4,0,0,0,85.37506746
8,29,6,1,3,1,83.98236591
10,24,2,0,0,0,87.44381181
3,21,2,0,0,0,86.43964731
9,8,4,0,0,1,83.124588
2,27,5,0,0,0,86.78447945
1,2,2,1,26,1,49.93071594
11,4,2,1,6,1,61.15023474
9,9,6,0,0,0,82.86833089
4,2,4,0,0,1,89.86228003
3,22,4,0,0,0,87.39726027
9,20,3,0,0,0,86.01066983
3,10,5,0,0,0,84.82797518
5,17,5,0,0,1,88.84803922
4,1,2,1,16,1,62.95010846
7,14,5,0,0,0,85.01051367
8,17,2,0,0,0,85.48064085
8,5,5,0,0,0,86.67136812
2,26,3,0,0,0,84.94997825
1,23,4,0,0,1,81.8537859
6,21,6,0,0,0,82.67008986
8,17,4,0,0,1,85.94172424
2,4,6,0,0,0,84.36944938
7,25,5,0,0,0,83.52059925
8,27,2,1,5,1,80.10425717
1,13,4,0,0,1,85.60419236
5,30,2,0,0,1,54.88445378
7,2,6,0,0,0,82.71334792
4,13,6,0,0,0,83.76741369
9,8,6,0,0,0,85.66210046
2,16,3,0,0,1,85.49477566
1,24,6,0,0,0,86.64620107
8,28,4,1,35,1,53.8713642
6,20,4,0,0,0,83.959346
11,6,6,0,0,0,88.67088608
12,9,3,0,0,0,86.21720359
2,3,6,0,0,0,84.98781973
5,30,4,0,0,1,87.53462604
1,1,2,1,88,1,0.681885562
11,16,6,0,0,0,71.7211329
10,25,2,0,0,0,82.10191083
7,14,3,0,0,0,89.21203923
12,10,5,0,0,0,85.30052943
6,10,4,0,0,1,87.64044944
9,21,3,0,0,0,81.65796345
12,20,3,0,0,0,80.4720037
7,24,3,0,0,0,84.21750663
1,12,2,0,0,1,89.03333333
12,20,5,0,0,0,80.55797733
7,3,3,0,0,1,0.030646644
5,6,3,0,0,1,88.8760139
4,3,6,1,27,1,51.29516019
11,16,4,0,0,0,79.64100142
6,9,2,1,9,1,76.06707317
10,13,5,0,0,0,81.88976378
4,25,3,1,9,1,76.79118187
5,17,3,0,0,0,83.37744839
11,5,4,0,0,1,87.83597519
11,28,3,0,0,0,82.95353655
5,17,5,0,0,0,82.98533985
10,25,4,0,0,0,85.92392932
5,7,5,0,0,0,86.88692098
4,13,6,0,0,0,79.48717949
10,2,5,1,36,1,56.21448864
5,29,2,1,25,1,56.28650476
6,13,3,0,0,1,86.59889094
1,9,5,0,0,0,90.12581014
12,23,2,0,0,1,82.96153846
5,21,4,0,0,1,86.77207867
10,11,3,0,0,1,81.81370133
11,25,6,1,18,1,56.46093037
6,29,4,0,0,1,89.56390977
12,1,5,0,0,0,79.92599445
2,1,2,0,0,0,85.37939543
7,5,3,0,0,1,84.14322251
12,17,6,0,0,0,76.72090113
8,13,3,0,0,1,84.37240233
11,19,3,0,0,0,84.88733489
9,12,5,0,0,0,79.35404742
6,6,5,0,0,0,82.75713051
3,8,3,0,0,0,83.49349915
6,1,6,0,0,0,84.94124923
3,31,2,1,1,1,85.0420811
5,3,6,0,0,1,79.47712418
5,31,2,0,0,1,46.45257655
1,3,4,0,0,1,84.81536189
5,26,3,0,0,1,87.42740007
10,27,4,0,0,0,83.41836735
3,25,6,0,0,0,83.98458998
10,22,5,1,44,1,43.79770992
11,30,5,0,0,0,81.54620853
5,9,2,0,0,0,85.62783661
4,22,6,0,0,0,80.79369888
4,16,3,0,0,0,81.34263296
12,5,4,0,0,0,81.16005233
11,8,3,0,0,0,86.53555219
10,15,2,0,0,0,82.55004352
3,2,4,0,0,0,87.54229468
3,12,2,1,9,1,72.93267058
3,19,5,0,0,0,89.53763078
8,20,6,0,0,0,83.49582173
3,29,5,0,0,0,86.49257091
4,11,4,0,0,0,88.77118644
9,28,6,0,0,0,79.45922372
11,7,6,0,0,1,83.59697387
9,1,3,0,0,1,87.57929883
2,2,4,0,0,0,86.13095238
9,6,2,0,0,1,42.44415243
5,2,4,0,0,0,83.91825855
4,27,5,0,0,1,85.26799387
11,13,2,0,0,0,84.40177253
10,5,2,1,9,1,85.93799936
6,18,2,0,0,0,82.48014122
7,28,2,1,1,1,80.93298778
2,12,4,0,0,0,85.41103821
8,25,5,0,0,0,85.40646425
2,19,2,1,19,1,58.68460389
3,7,3,0,0,0,86.5916692
1,4,6,0,0,1,81.63891323
8,19,6,0,0,1,76.59131469
12,24,4,1,1,1,82.60006616
9,17,4,0,0,0,90.41195771
2,13,6,0,0,0,84.4295302
8,8,4,0,0,1,83.9238264
8,3,5,0,0,0,89.35326419
1,27,3,0,0,1,85.37074148
6,30,4,0,0,0,85.57902403
7,11,6,0,0,0,87.8185907
11,6,2,0,0,1,85.95455887
12,9,6,0,0,0,79.87191217
8,16,6,0,0,1,75.2603082
1,16,6,0,0,1,87.40394253
6,6,2,1,2,1,83.46480583
7,14,2,0,0,0,88.43283582
12,21,4,0,0,0,78.74015748
3,9,4,0,0,0,88.089406
12,14,2,0,0,0,82.2761194
5,25,3,0,0,0,84.55772114
7,10,6,0,0,0,87.87262873
10,29,6,0,0,0,80.95541401
10,25,3,0,0,1,73.50049164
10,1,2,0,0,1,0.031036623
8,9,4,1,1,1,86.60360085
11,13,4,0,0,1,85.30101642
1,31,4,0,0,0,87.41820345
5,22,4,0,0,1,78.65168539
9,20,2,0,0,0,81.69381107
10,9,3,0,0,1,83.74836173
2,3,3,0,0,0,87.74624374
1,1,6,1,80,1,0.709001233
11,16,3,0,0,0,81.31313131
7,5,3,0,0,1,83.97474444
6,5,5,0,0,0,90
3,11,3,0,0,1,89.35273841
7,12,5,0,0,0,85.49314463
11,5,5,0,0,1,88.82222924
12,12,5,0,0,0,85.1981352
11,24,6,1,20,1,55.55884969
4,17,3,0,0,0,81.26118068
5,29,3,0,0,1,86.21962473
12,27,3,1,16,1,62.6654633
6,2,6,0,0,0,83.8362069
8,18,5,0,0,0,84.11996067
9,2,3,0,0,1,89.36950147
10,20,5,0,0,0,87.65321375
11,27,5,1,15,1,58.39758632
3,22,5,0,0,1,88.25837609
2,4,2,0,0,0,79.38368056
5,18,6,0,0,1,86.06934643
4,2,3,0,0,1,82.95652174
9,5,2,1,1,1,48.8791423
6,20,3,0,0,0,86.91905202
2,9,5,0,0,0,83.68372943
4,28,5,0,0,0,86.1547763
2,24,3,0,0,1,87.21905401
3,14,2,0,0,0,76.59574468
7,14,4,0,0,0,86.19698059
9,9,5,0,0,1,81.96078431
10,16,2,0,0,1,82.50973345
1,5,4,0,0,1,85.06024096
5,7,6,0,0,0,60.75471698
11,28,4,1,30,1,52.17580505
4,9,2,0,0,0,84.67351874
2,22,6,0,0,0,80.30501089
4,13,5,0,0,1,85.26989936
10,23,4,0,0,0,88.90196078
2,27,2,0,0,0,83.82419574
6,29,4,0,0,1,85.03611971
9,16,4,0,0,1,88.51105976
2,15,4,0,0,1,86.34146341
8,31,6,0,0,0,84.30688753
6,22,2,0,0,0,87.27891156
7,29,2,0,0,0,83.04239401
3,25,4,0,0,0,89.79384927
7,25,6,0,0,0,88.86000743
4,1,6,0,0,0,86.77595628
1,20,2,1,10,1,67.60886173
1,22,2,0,0,0,83.73743347
7,6,5,0,0,1,86.98060942
8,13,5,0,0,0,88.84422111
3,28,3,1,2,1,86.50455927
9,23,6,0,0,0,83.9502517
11,17,5,0,0,0,81.05312647
8,29,4,0,0,1,85.136897
8,9,3,0,0,0,86.97582634
12,7,6,0,0,0,78.62129145
5,5,3,0,0,1,86.9846678
5,21,2,1,4,1,74.93345164
6,11,3,0,0,1,82.96679603
10,17,6,0,0,1,87.91519435
6,28,2,0,0,0,84.14192614
7,23,4,0,0,0,89.62439569
10,31,6,0,0,0,86.62486938
7,5,2,0,0,1,46.9521045
10,13,4,0,0,0,82.70580728
1,7,6,0,0,0,84.74065139
11,3,5,0,0,0,81.88751192
7,26,3,0,0,0,85.23592085
6,15,4,0,0,1,86.84449833
1,21,6,0,0,0,83.42277877
3,7,2,0,0,0,83.37415799
8,20,5,0,0,0,89.01869159
4,14,2,0,0,1,84.7392638
7,9,4,0,0,0,88.7471868
9,26,5,0,0,0,81.95121951
4,25,4,1,9,1,75.65849228
9,9,6,0,0,1,84.23864648
6,1,4,0,0,1,87.74703557
2,22,2,0,0,0,81.8544673
6,18,3,0,0,0,82.81183026
1,29,2,0,0,0,83.79341051
12,14,6,0,0,0,78.88550283
5,9,4,0,0,1,87.84732824
11,30,6,0,0,1,77.15159458
7,16,4,0,0,0,90.32860344
5,28,2,1,11,1,53.94853594
11,10,5,0,0,0,59.58055291
10,24,6,1,2,1,59.6497373
5,14,2,0,0,0,82.2094055
8,22,4,0,0,0,84.29068755
4,21,2,1,15,1,66.17986164
5,12,3,0,0,0,87.28639781
1,15,2,1,3,1,79.60390186
4,4,3,1,37,1,57.0905764
7,13,5,0,0,0,87.90199081
6,21,2,0,0,0,82.44219653
6,29,5,0,0,0,85.28325123
9,29,4,0,0,0,83.88116308
9,5,4,0,0,1,84.5585037
2,29,2,0,0,0,86.49230769
5,19,3,0,0,1,89.08655491
10,3,5,0,0,1,88.16110659
6,8,4,0,0,1,87.21530519
4,7,2,0,0,1,89.33333333
3,21,3,0,0,0,86.42313546
5,2,4,0,0,1,86.79878049
6,25,3,0,0,1,83.37585034
1,14,6,0,0,0,62.37980769
10,27,5,0,0,1,58.39882122
10,6,4,0,0,0,81.70266836
9,19,5,0,0,0,82.247557
8,2,3,0,0,0,85.72151899
9,16,6,0,0,0,83.47181009
7,12,2,0,0,0,85.76563623
8,27,5,0,0,0,86.8245497
4,2,2,0,0,0,84.78847885
3,4,6,0,0,0,84.71590909
8,16,2,0,0,0,84.29867411
4,12,6,0,0,1,82.00087374
1,25,6,1,30,1,54.07052677
3,12,2,1,9,1,79.34880916
5,28,2,1,27,1,57.50769231
9,24,2,0,0,0,80.57616761
4,9,5,0,0,0,89.67280164
4,18,2,0,0,0,81.90332326
11,9,5,0,0,1,87.68821966
3,6,6,1,65,1,18.82788818
4,11,4,0,0,1,84.40449438
5,18,5,0,0,0,87.20715166
9,22,3,0,0,0,88.63636364
9,15,5,0,0,0,86.41490927
10,1,5,0,0,1,86.93982074
12,13,4,0,0,0,83.77414562
8,22,5,0,0,1,81.71641791
3,10,2,1,9,1,78.21592649
1,30,5,1,1,1,89.30214724
7,9,2,0,0,0,83.22295806
2,10,4,0,0,1,86.99136868
8,27,4,0,0,1,89.63616318
12,22,5,0,0,0,76.29390018
3,5,4,0,0,0,88.92733564
10,5,4,0,0,0,86.90617577
7,16,5,0,0,1,88.69389133
8,24,5,0,0,1,86.51205371
7,18,4,0,0,0,85.10167993
8,18,2,1,5,1,76.13259669
3,21,4,1,1,1,87.07729469
7,20,4,0,0,0,87.47742324
2,14,3,0,0,1,84.75144861
12,3,4,0,0,0,82.18218218
6,11,4,0,0,1,88.4527439
11,29,3,0,0,0,85.75334143
7,23,3,0,0,0,82.06839033
11,17,4,0,0,0,62.28679722
6,14,3,0,0,0,84.95575221
7,29,6,0,0,0,85.33213105
12,26,4,1,18,1,47.00480979
6,20,6,0,0,0,85.30411787
11,26,6,0,0,1,55.16388374
5,16,5,0,0,0,81.94023387
5,23,3,0,0,1,87.3079287
10,19,6,0,0,0,82.7601219
10,26,4,0,0,0,88.43843844
5,10,2,0,0,0,82.00301205
5,7,3,0,0,1,80.0956106
9,10,6,0,0,1,79.82917214
9,28,6,0,0,0,0.031046259
3,29,3,0,0,0,86.13537118
10,26,2,1,1,1,85.55169143
10,29,3,0,0,0,89.46957878
1,11,2,0,0,0,87.14946071
5,13,6,0,0,0,86.29472408
12,4,2,0,0,0,78.36153161
2,23,4,0,0,1,84.62421113
11,28,6,1,14,1,61.44295302
6,16,3,0,0,0,88.33958404
6,25,5,0,0,0,88.60544218
11,4,6,0,0,1,83.81730188
9,20,3,0,0,0,85.02700049
12,2,2,0,0,0,85.95744681
1,24,3,0,0,1,87.2650091
1,30,2,0,0,1,83.28767123
10,1,6,0,0,0,83.13329122
4,19,3,0,0,0,85.51502146
7,7,3,0,0,0,89.41494758
6,3,6,0,0,0,86.05710814
3,16,5,0,0,1,85.0655288
11,16,2,0,0,0,86.89244277
6,27,4,0,0,1,82.53968254
9,14,4,0,0,1,82.53262159
10,18,2,0,0,0,78.06738716
12,19,6,0,0,0,86.08810865
7,14,5,0,0,0,84.13021363
6,20,2,0,0,0,84.64780253
2,14,4,0,0,1,84.68199463
12,3,5,0,0,0,84.38963472
5,6,6,0,0,0,80.50982475
7,21,3,0,0,0,87.00202566
1,2,6,1,9,1,74.82540738
11,5,6,0,0,1,23.04264799
4,13,4,0,0,1,87.246289
4,30,5,0,0,1,86.95948247
12,21,2,0,0,0,85.18748063
7,8,6,0,0,1,81.39114724
8,11,4,0,0,0,87.18309859
10,29,4,0,0,1,85.56485356
5,24,3,0,0,1,85.8500528
2,15,6,0,0,0,78.09233449
6,16,2,0,0,0,86.11951589
9,3,3,0,0,1,84.05916187
11,28,5,1,11,1,57.09302326
4,2,2,1,16,1,69.16339474
11,12,4,0,0,0,89.84268126
4,9,4,0,0,1,91.20795107
4,20,6,0,0,1,79.68513473
3,10,3,0,0,1,85.37243006
3,26,4,0,0,0,90.67634696
8,22,6,0,0,0,89.81173865
6,4,5,0,0,0,86.95652174
10,24,4,1,33,1,43.771777
9,14,5,0,0,0,86.72512852
3,22,6,0,0,0,84.05358686
10,8,3,0,0,0,87.38336714
5,7,2,1,8,1,78.78510379
1,12,5,0,0,0,85.56273063
7,30,2,0,0,0,83.81247236
2,3,2,0,0,0,85.71428571
2,16,5,0,0,0,83.09024613
8,1,5,0,0,0,84.86486486
12,20,3,0,0,0,85.63652858
3,5,3,0,0,0,85.84415584
5,23,4,0,0,1,82.11273857
12,22,4,0,0,1,76.67910448
2,28,4,0,0,1,86.32683658
10,2,2,1,42,1,53.05389222
12,8,4,0,0,0,78.62928349
8,17,6,0,0,1,81.77797435
7,18,5,0,0,0,83.99664851
9,3,2,1,12,1,54.32420687
10,19,5,1,76,1,10.9080012
11,22,3,0,0,1,77.52808989
8,10,4,0,0,1,88.76876877
7,25,3,0,0,0,88.92966361
1,6,6,0,0,0,85.96280744
6,27,2,0,0,0,84.04749613
3,9,2,1,9,1,76.24495289
6,17,4,0,0,0,89.28693279
6,3,4,0,0,1,86.17996604
7,11,2,0,0,0,83.52821556
5,17,3,0,0,1,88.38475499
8,25,5,1,35,1,53.41043891
3,29,3,0,0,1,88.58447489
10,5,4,0,0,1,78.5152409
9,11,6,0,0,0,87.30053191
12,23,5,0,0,1,73.78759975
2,27,2,0,0,0,84.35312024
7,27,3,0,0,0,84.77951636
6,7,4,0,0,1,87.14637146
8,17,4,0,0,0,83.1355094
8,11,5,0,0,1,88.75224955
1,13,6,0,0,0,79.81524249
11,4,5,0,0,1,69.89178867
10,19,4,0,0,0,83.79174853
9,14,3,0,0,0,82.99409061
8,21,5,0,0,0,89.30284028
4,13,2,0,0,1,86.61659269
12,9,5,0,0,0,76.41568139
8,31,3,0,0,0,83.34448161
5,13,3,1,1,1,87.78507924
5,3,3,0,0,1,86.12035077
7,22,4,0,0,0,87.10766115
2,23,2,0,0,1,85.61368209
8,7,5,0,0,0,88.47006652
4,29,3,0,0,1,87.68757214
10,30,6,0,0,0,80.07590133
9,25,5,0,0,0,86.89057421
12,13,6,0,0,0,84.6692607
2,27,3,0,0,0,87.11124402
4,8,2,0,0,0,81.52976967
10,4,5,0,0,1,84.54148472
6,26,3,0,0,1,82.39964711
7,1,3,1,1,1,86.72665917
5,24,5,0,0,0,87.58069474
7,17,4,0,0,0,83.67690366
9,4,4,0,0,1,83.24435318
11,29,6,1,9,1,61.21658272
6,17,3,0,0,0,88.23751891
10,25,6,0,0,0,87.63693271
2,13,3,0,0,1,86.30259624
8,11,6,0,0,1,86.24580665
9,20,5,0,0,0,82.0602357
3,13,2,1,82,1,9.016143771
12,9,6,0,0,0,79.17820868
4,19,4,0,0,1,84.36641221
5,27,2,1,20,1,43.74731414
5,23,2,0,0,1,75.43489721
7,7,5,0,0,1,82.11821182
8,31,4,0,0,1,63.54728074
1,9,2,0,0,0,87.00209644
4,3,3,0,0,1,86.37462236
6,12,3,0,0,1,83.44429649
7,28,6,0,0,0,87.43887531
9,15,6,0,0,0,85.19975787
8,21,4,1,2,1,74.12790698
7,31,3,0,0,1,83.87953942
11,25,6,0,0,1,52.0988806
11,8,5,0,0,1,83.02214503
5,3,4,0,0,1,87.06605223
5,13,2,0,0,0,79.14856646
1,23,2,0,0,0,85.32443905
12,30,6,0,0,0,58.55689177
11,18,5,0,0,0,79.0302267
9,4,5,0,0,0,88.75045804
9,25,6,1,35,1,54.0105194
7,3,3,0,0,1,83.97350993
5,10,4,1,1,1,86.16236162
10,11,5,0,0,0,84.09090909
8,10,3,0,0,0,85.58368495
7,17,3,0,0,0,84.62218294
9,1,6,1,1,1,82.6870229
5,24,4,0,0,1,88.50292038
3,6,3,0,0,0,85.18184551
2,13,2,0,0,1,85.10054845
7,1,4,1,1,1,90.17615176
8,18,6,0,0,0,86.8902439
6,10,3,0,0,1,88.56707317
3,23,2,0,0,0,88.98648649
7,8,4,0,0,0,89.58051421
4,19,3,0,0,0,84.01812689
11,22,6,0,0,0,85.73649436
8,14,4,0,0,1,84.1995842
5,27,3,0,0,1,86.2654321
1,30,2,0,0,1,83.24209246
6,13,2,0,0,0,66.66666667
9,21,4,0,0,0,86.10019646
7,28,5,0,0,0,88.05031447
10,16,6,0,0,0,87.3208028
11,25,5,0,0,1,49.28968499
7,31,4,0,0,0,84.29166667
12,16,6,0,0,0,78.3171521
11,8,6,0,0,0,82.69381363
5,6,2,1,7,1,73.75054324
3,13,3,0,0,1,87.36429433
2,20,2,1,17,1,63.7637028
8,25,6,1,44,1,50.13748854
3,30,2,0,0,0,87.58434548
5,17,4,0,0,0,87.1881737
10,2,6,1,37,1,57.1886007
6,7,5,0,0,0,86.77508438
6,24,4,0,0,0,89.72439605
9,11,5,0,0,0,89.88682001
4,22,2,0,0,1,74.86933798
7,10,3,0,0,0,84.84312859
9,28,4,0,0,0,84.906588
6,3,3,0,0,1,90.29907975
3,16,2,0,0,0,87.41989882
8,17,3,0,0,0,84.92672715
10,18,5,0,0,0,83.73205742
12,23,6,0,0,0,73.8546969
2,6,2,0,0,0,83.34855403
8,24,3,0,0,0,48.87372014
12,2,5,0,0,0,77.93660659
4,29,2,0,0,1,78.77995643
9,14,4,0,0,0,86.74521355
6,6,2,0,0,0,83.89963408
10,25,5,0,0,1,78.13993916
8,7,4,0,0,1,82.73710483
3,20,3,0,0,1,87.29631865
7,21,5,0,0,0,86.85318893
10,9,6,0,0,0,88.52931753
11,15,6,0,0,0,84.48947779
8,28,5,0,0,1,88.8440367
4,12,3,0,0,1,88.04117469
8,4,5,0,0,0,87.63505402
4,26,3,0,0,1,84.91535671
6,20,2,0,0,0,82.2555613
